variable,count,mean,std,min,25%,50%,75%,max,original
dummy1,1000.0,0.00018342772224934462,0.010213138957254298,-0.0359997827456837,-0.0068651957191145745,0.00040672564600005004,0.0073898437918362,0.0286830116592469,0.0002631265274199
dummy2,1000.0,0.00010347042268759137,0.01095034467169338,-0.0344533229430084,-0.00759539209091995,-9.569596039326231e-05,0.007631408172914475,0.0428081482278628,-0.0034244944148085
x1,1000.0,0.10757859076168907,3.053205225716673,-9.050991523745264,-1.8087607879616572,-0.0460679340158396,2.0836384657633324,28.20441426099825,28.20441426099825
x2,1000.0,-0.010506710469832732,7.623754903788831,-24.83093802497544,-5.0315234905746165,-0.1446102496731254,4.910567440873247,75.05121071516956,75.05121071516956
x3,1000.0,0.021827275501832652,1.9117646451654424,-6.532460519132869,-1.225961874425269,0.015815799616168698,1.2270026365315125,17.75472825083113,17.75472825083113
